state,state_name,year,elec_price_cents_kwh,commercial_customers,gas_price_per_gallon,level2_ports,dcfast_ports,total_ports,chargers_per_100k,dcfast_share,charger_price_penalty,population,median_income,median_age,pct_drive_alone,pct_bachelors,pct_no_vehicle,ln_median_income,ln_population
AK,Alaska,2018,18.58,53957,4.119302949061662,22,1,23,3.1143536497516644,0.043478260869565216,0.1676186033235557,738516.0,76715.0,34.0,0.8102178586665254,0.11922964431373186,0.013379534092693997,11.247852535379305,13.51239804625713
AK,Alaska,2019,19.8,55080,4.180965147453083,25,4,29,3.9345080779521022,0.13793103448275862,0.1987125291895001,737068.0,77640.0,34.3,0.8093462401795735,0.11947065942355387,0.013576766322781616,11.259838037282947,13.510435432858246
AK,Alaska,2020,19.58,61993,3.556300268096515,46,6,52,7.055726672003691,0.11538461538461539,0.3603537626151017,736990.0,77790.0,34.6,0.8021099243853643,0.12233680239894706,0.013206420711271523,11.26176816720082,13.51032960255839
AK,Alaska,2021,19.61,56005,4.640750670241286,60,15,75,10.190895861273372,0.2,0.5196785242872703,735951.0,80287.0,35.0,0.7934385002286237,0.12594724377030536,0.013998214555045106,11.293362993927163,13.508918819407771
AK,Alaska,2022,20.06,56372,6.18230563002681,79,31,110,14.96963206005272,0.2818181818181818,0.7462428743794975,734821.0,86370.0,35.3,0.7812269452839486,0.12757392616705293,0.014221150457050084,11.366395672274331,13.507382211119955
AL,Alabama,2018,11.24,371097,2.7345844504021444,1032,296,1328,27.298815132752825,0.22289156626506024,2.428720207540287,4864680.0,48486.0,38.9,0.9429563064084097,0.10595619855776742,0.007826825197135269,10.789030375461502,15.397511495488242
AL,Alabama,2019,11.52,369798,2.5428954423592494,1156,296,1452,29.77698026147142,0.20385674931129477,2.5848073143638386,4876250.0,50536.0,39.0,0.9422190835629443,0.10852150730581903,0.007572827480133299,10.830441232578536,15.399887039803003
AL,Alabama,2020,11.55,371888,2.079088471849866,1348,408,1756,35.886639093629384,0.23234624145785876,3.1070683197947515,4893186.0,52035.0,39.2,0.9321509453773993,0.11172148371224801,0.007493073020318459,10.85967184807196,15.403354183037424
AL,Alabama,2021,11.84,376180,2.986595174262735,1616,524,2140,42.81991125873531,0.24485981308411214,3.6165465590148065,4997675.0,54943.0,39.3,0.9203558621383592,0.11277804178943208,0.007001655769933019,10.914051563182127,15.424483362252348
AL,Alabama,2022,13.16,380269,3.8873994638069704,1656,572,2228,44.31104283692502,0.25673249551166966,3.3671005195231776,5028092.0,59609.0,39.3,0.9093542680533797,0.1138109644771814,0.007177672962229012,10.995561848364485,15.430551146058688
AR,Arkansas,2018,7.75,196482,2.766756032171582,364,36,400,13.374924891437407,0.09,1.725796760185472,2990671.0,45726.0,37.9,0.9328040792312218,0.0965402078663952,0.006532313316978029,10.730422342894173,14.911008334905373
AR,Arkansas,2019,8.78,198861,2.5723860589812335,428,68,496,16.53680606260648,0.13709677419354838,1.8834631050804649,2999370.0,47597.0,38.1,0.9324205955392794,0.09910414520382614,0.006289987564055118,10.770525013023255,14.913912824579297
AR,Arkansas,2020,8.61,197869,2.1032171581769434,464,100,564,18.725889172617837,0.1773049645390071,2.1749000200485296,3011873.0,49475.0,38.3,0.9254900567413795,0.10247709647783954,0.006104839081860357,10.809222770470766,14.918072702338332
AR,Arkansas,2021,9.56,201408,3.0227882037533513,636,128,764,25.41322265941392,0.16753926701570682,2.658286889060033,3006309.0,52123.0,38.3,0.9144507073343733,0.10428967880547209,0.006079548043797228,10.861361589060426,14.91622363842325
AR,Arkansas,2022,10.26,203432,3.932975871313673,930,160,1090,36.10862933299411,0.14678899082568808,3.5193595841124865,3018669.0,56335.0,38.4,0.9028574846405599,0.1051579355007124,0.006172587984969535,10.939071290598266,14.92032656372489
AZ,Arizona,2018,10.64,322135,3.3136729222520107,3224,1640,4864,70.01900906691465,0.3371710526315789,6.580733934860399,6946685.0,56213.0,37.4,0.8750606157395852,0.12021849270551349,0.005948880653146069,10.936903325858172,15.753775125333318
AZ,Arizona,2019,10.25,326191,3.363270777479893,3440,2312,5752,81.5851923443247,0.4019471488178025,7.9595309604219215,7050299.0,58945.0,37.7,0.8726527630996358,0.1233212946004134,0.00593293986538727,10.984360084726228,15.768580585236633
AZ,Arizona,2020,10.11,331229,2.8605898123324396,3440,2312,5752,80.17770680607254,0.4019471488178025,7.930534797831112,7174064.0,61529.0,37.9,0.8519664225148019,0.12701698786071605,0.005858882775509112,11.027263887367784,15.785982858138558
AZ,Arizona,2021,10.33,335377,3.7332439678284186,3440,2312,5752,81.2520844507496,0.4019471488178025,7.865642250798607,7079203.0,65913.0,38.1,0.8277778495208212,0.13042979555749426,0.005983159403678635,11.09609096962448,15.772671888711885
AZ,Arizona,2022,10.8,340035,4.97319034852547,3464,2312,5776,80.53224901084481,0.4002770083102493,7.45668972322637,7172282.0,72581.0,38.4,0.8045801112618315,0.13363208529725965,0.00616582002771224,11.192458458572395,15.785734432510296
CA,California,2018,16.34,1714875,3.765415549597855,0,0,0,0.0,,0.0,39148760.0,71228.0,36.3,0.8399937489572985,0.13910481455862203,0.0047668176463315825,11.173641278521204,17.48287930684712
CA,California,2019,16.67,1718601,3.900804289544236,0,0,0,0.0,,0.0,39283497.0,75235.0,36.5,0.8384480051320516,0.14263106464274297,0.004733667168174972,11.228371827192978,17.486315064982737
CA,California,2020,17.53,1725533,3.3230563002680964,0,0,0,0.0,,0.0,39346023.0,78672.0,36.7,0.8203520064702138,0.14651612947006104,0.004883136473538888,11.273042589651721,17.487905460375693
CA,California,2021,19.18,1750923,4.351206434316354,0,0,0,0.0,,0.0,39455353.0,84097.0,37.0,0.7974637586433562,0.148405287363669,0.00494467759545834,11.339726173505522,17.49068028679878
CA,California,2022,21.81,1767719,5.738605898123325,0,0,0,0.0,,0.0,39356104.0,91905.0,37.3,0.7798683725676057,0.1508099480578667,0.005202217170683358,11.428510713827865,17.488161641509276
CO,Colorado,2018,10.02,376104,2.993297587131367,7035,1785,8820,159.4607694868021,0.20238095238095238,15.914248451776656,5531141.0,68811.0,36.6,0.8415582593215198,0.17075500335283444,0.004383544010178008,11.139118894862325,15.525904681329518
CO,Colorado,2019,10.43,380609,2.8981233243967828,7035,1800,8835,157.47683432884477,0.2037351443123939,15.09845007946738,5610349.0,72331.0,36.7,0.8370630429427363,0.1748584624592873,0.004289572716421029,11.189008085269668,15.540123485902576
CO,Colorado,2020,10.29,384518,2.544235924932976,7080,1800,8880,156.2025609480229,0.20270270270270271,15.180035077553246,5684926.0,75231.0,36.9,0.8144208017584121,0.1787163104673658,0.0043282885300529855,11.228318659035375,15.553328668371414
CO,Colorado,2021,10.84,388601,3.558981233243968,7110,1800,8910,155.6827887173136,0.20202020202020202,14.36188087798096,5723176.0,80184.0,37.1,0.7879728923754314,0.18364331273404838,0.004623132330719866,11.292079272704703,15.560034454019892
CO,Colorado,2022,11.58,390861,4.242627345844504,7110,1800,8910,154.3982712938783,0.20202020202020202,13.333184049557712,5770790.0,87598.0,37.3,0.766436813566898,0.18777637030631855,0.0048149386825720565,11.380513445613621,15.568319544190258
CT,Connecticut,2018,16.76,153824,3.1394101876675604,3807,774,4581,127.90715855685208,0.16895874263261296,7.6316920379983335,3581504.0,76106.0,40.8,0.8622971460469839,0.15047421418487875,0.006339794678436769,11.239882384368588,15.091293381886501
CT,Connecticut,2019,16.75,151979,2.9410187667560326,3852,774,4626,129.3959229934821,0.16731517509727625,7.725129730954155,3575074.0,78444.0,41.0,0.8617916121867779,0.15143183050197004,0.0062563739939369084,11.27014027340073,15.089496433196716
CT,Connecticut,2020,16.58,154894,2.4772117962466487,3852,774,4626,129.55990801414572,0.16731517509727625,7.814228468886956,3570549.0,79855.0,41.1,0.840887841266448,0.1544465570980821,0.006275785600477686,11.28796776909041,15.088229923445262
CT,Connecticut,2021,16.46,155791,3.3672922252010724,3852,774,4626,128.31002987243886,0.16731517509727625,7.795263054218642,3605330.0,83572.0,41.0,0.8174754128004126,0.1557602216718026,0.006383049540541365,11.333463814742142,15.097923864040132
CT,Connecticut,2022,18.54,155784,4.534852546916889,3861,783,4644,128.59574498721656,0.1686046511627907,6.936124325092587,3611317.0,90213.0,40.9,0.7981139955499771,0.15892180055087937,0.006662112464787777,11.40992881983434,15.099583083723047
DC,District of Columbia,2018,11.97,26336,3.2292225201072386,816,51,867,126.6621670187495,0.058823529411764705,10.581634671574728,684498.0,82604.0,33.9,0.3959739791571082,0.1735826839523271,0.025779476346169016,11.321813384486683,13.436441001865612
DC,District of Columbia,2019,12.26,26471,3.046916890080429,1047,51,1098,158.51406776259847,0.04644808743169399,12.929369311794328,692683.0,86420.0,34.0,0.3872524368453152,0.17667533344978872,0.025473412802104283,11.366974409485923,13.448327742060924
DC,District of Columbia,2020,11.85,26672,2.631367292225201,1182,84,1266,180.3485599181736,0.06635071090047394,15.2192877568079,701974.0,90842.0,34.1,0.3705927352343771,0.18064486718881326,0.026800137896845183,11.416877012709847,13.461651645285023
DC,District of Columbia,2021,13.0,26783,3.5174262734584447,1701,90,1791,262.16636366031673,0.05025125628140704,20.166643358485903,683154.0,93547.0,34.3,0.35397316543311036,0.18192823287282223,0.028230823503924446,11.44621926277542,13.434475588978945
DC,District of Columbia,2022,15.6,27136,4.612600536193029,1803,90,1893,282.2899936920937,0.04754358161648178,18.095512416159853,670587.0,101722.0,34.8,0.34161841047511343,0.1861950798330418,0.030935583302390292,11.529998881159516,13.415908727201549
DE,Delaware,2018,9.65,54904,3.071045576407507,90,58,148,15.58723321344504,0.3918918918918919,1.6152573278181388,949495.0,65627.0,40.2,0.8922428906650364,0.1272192059989784,0.006528733695280123,11.091742475620011,13.763685543291176
DE,Delaware,2019,9.53,55802,2.896782841823056,102,74,176,18.38603998127967,0.42045454545454547,1.929280165926513,957248.0,68287.0,40.6,0.8926867832683408,0.1301982349401618,0.006500927659289965,11.13147469069291,13.771817780019
DE,Delaware,2020,9.18,56764,2.5026809651474533,158,102,260,26.868414009191067,0.3923076923076923,2.9268424846613366,967679.0,69110.0,41.0,0.8739309667269272,0.13340374235671126,0.006546592413393284,11.14345471708544,13.78265569969319
DE,Delaware,2021,9.48,58353,3.344504021447721,314,150,464,47.25570633022777,0.3232758620689655,4.984779148758203,981892.0,72724.0,41.1,0.8482454288891161,0.1367278682380547,0.006140186497089293,11.194426732839164,13.797236601654998
DE,Delaware,2022,10.98,59162,4.384718498659518,426,182,608,61.18947098280556,0.2993421052631579,5.572811564918539,993635.0,79325.0,41.4,0.8314710982104201,0.1401047668409426,0.006742918677381533,11.281308616451396,13.809125214983784
FL,Florida,2018,9.19,1229559,2.804289544235925,0,0,0,0.0,,0.0,20598139.0,53267.0,41.9,0.8857920004096104,0.1321301404947311,0.007517766532209536,10.8830722814489,16.8407112898731
FL,Florida,2019,9.27,1240902,2.6072386058981234,0,0,0,0.0,,0.0,20901636.0,55660.0,42.0,0.883052006951639,0.13529744752994455,0.007365547845154322,10.927017035079881,16.855337991383475
FL,Florida,2020,8.85,1256569,2.227882037533512,0,0,0,0.0,,0.0,21216924.0,57703.0,42.2,0.8692368934636701,0.13850231070253163,0.0074606950564558745,10.96306444421219,16.870309723055563
FL,Florida,2021,9.51,1272939,3.0683646112600536,0,0,0,0.0,,0.0,21339762.0,61777.0,42.3,0.8508787215745635,0.1423770799318193,0.007554864013947297,11.031286405889189,16.87608265101093
FL,Florida,2022,11.19,1282170,3.954423592493298,0,0,0,0.0,,0.0,21634529.0,67917.0,42.4,0.8309605468487542,0.14579656437170413,0.0077310673137372206,11.126041650398415,16.889801161124506
GA,Georgia,2018,9.79,579468,2.707774798927614,0,0,0,0.0,,0.0,10297484.0,55679.0,36.5,0.8924286826565151,0.12458839460202123,0.005353055173477327,10.927358335076908,16.147410151515977
GA,Georgia,2019,10.02,585573,2.5227882037533513,0,0,0,0.0,,0.0,10403847.0,58700.0,36.7,0.8884974716603632,0.12733760886718154,0.005196154845414394,10.980195005816189,16.157686199560192
GA,Georgia,2020,10.08,592220,2.1219839142091153,0,0,0,0.0,,0.0,10516579.0,61224.0,36.9,0.870280519057634,0.1309656876062073,0.005296494230680909,11.022294548489757,16.168463522274
GA,Georgia,2021,10.61,599964,2.9571045576407506,0,0,0,0.0,,0.0,10625615.0,65030.0,37.1,0.8503788155559561,0.13424305322562505,0.005343314245810713,11.082603980863198,16.178778153452576
GA,Georgia,2022,12.1,607578,3.797587131367292,0,0,0,0.0,,0.0,10722325.0,71355.0,37.2,0.8313737988692023,0.13659248343992558,0.0054046114065746005,11.175422697534492,16.18783857441928
HI,Hawaii,2018,29.9,59661,4.120643431635388,750,60,810,56.96086366733731,0.07407407407407407,1.9050456076032545,1422029.0,78084.0,38.9,0.8095691688992728,0.14912002497839355,0.007226294259821705,11.265540449282984,14.167595282948906
HI,Hawaii,2019,29.23,59878,4.18230563002681,891,60,951,66.87321653842854,0.06309148264984227,2.287828140213087,1422094.0,81275.0,39.1,0.8142881464141307,0.1517318827025499,0.00735605381922714,11.305593745172105,14.167640991239308
HI,Hawaii,2020,28.41,59734,3.557640750670241,1038,60,1098,77.31991431432446,0.0546448087431694,2.721573893499629,1420074.0,83173.0,39.4,0.8101066822826658,0.15399127087743314,0.007805931240202975,11.328678054910771,14.166219540895682
HI,Hawaii,2021,30.88,59935,4.642091152815014,1326,60,1386,95.35616836074078,0.04329004329004329,3.0879588199721755,1453498.0,88005.0,39.6,0.8070265190325111,0.15576148023595493,0.00776196458474659,11.38514891002807,14.189483622991128
HI,Hawaii,2022,40.18,60136,6.184986595174263,1326,60,1386,95.54739488580155,0.04329004329004329,2.37798394439526,1450589.0,94814.0,39.9,0.8034757080882186,0.15665567572896252,0.008016054168341273,11.45967235666449,14.187480238813622
IA,Iowa,2018,9.68,239703,2.8605898123324396,330,180,510,16.280930975556576,0.35294117647058826,1.6819143569789852,3132499.0,58580.0,38.1,0.8947185920793093,0.12635917840676086,0.0061813267937196464,10.978148620381724,14.95734164651847
IA,Iowa,2019,9.99,241734,2.7265415549597853,441,198,639,20.353507619665248,0.30985915492957744,2.0373881501166413,3139508.0,60523.0,38.2,0.8941619910767947,0.12861919765772217,0.0062245421894131184,11.010778737063674,14.959576657709516
IA,Iowa,2020,9.96,243762,2.237265415549598,606,330,936,29.71418195047573,0.3525641025641026,2.9833516014533865,3150011.0,61836.0,38.3,0.8827340768865986,0.13176080972415652,0.0059422014716774005,11.032240998116224,14.96291650285921
IA,Iowa,2021,10.17,246568,3.1608579088471846,906,486,1392,43.78611489451384,0.34913793103448276,4.305419360325844,3179090.0,65429.0,38.3,0.8684031108588763,0.13332494518871751,0.0057890780065993725,11.088720864237898,14.972105550281753
IA,Iowa,2022,10.55,245328,4.162198391420912,918,522,1440,45.15754337946511,0.3625,4.280335865352143,3188836.0,70571.0,38.4,0.8569093577237908,0.1359053899291152,0.005868912669074233,11.164374574221812,14.975166517890237
ID,Idaho,2018,7.93,110797,3.2439678284182305,216,92,308,18.248510346846118,0.2987012987012987,2.3011992871180476,1687809.0,53089.0,36.1,0.8857260551776586,0.11769578192793143,0.004294324772530541,10.879725029461348,14.33894179607714
ID,Idaho,2019,7.67,112137,3.096514745308311,270,132,402,23.402707029544462,0.3283582089552239,3.0512003949862403,1717750.0,55785.0,36.4,0.8841787455064157,0.12061068257895503,0.004075098238975404,10.92926029502728,14.356525852893322
ID,Idaho,2020,7.75,114707,2.658176943699732,306,160,466,26.562287138323967,0.34334763948497854,3.4273918888159955,1754367.0,58915.0,36.6,0.871516485095828,0.12602380231730306,0.0046826006189126905,10.983851006147441,14.377618666059387
ID,Idaho,2021,7.89,117323,3.719839142091153,430,168,598,33.00918461242084,0.2809364548494983,4.183673588393009,1811617.0,63377.0,36.8,0.8592508078655368,0.1276533616100975,0.00487244268518125,11.05685629858094,14.409730374590138
ID,Idaho,2022,8.27,119688,4.636729222520108,498,182,680,36.67529794634512,0.2676470588235294,4.434739775857935,1854109.0,70214.0,36.9,0.839455342312048,0.1318002339668272,0.005029909244817861,11.159303000329775,14.432914815181277
IL,Illinois,2018,9.12,616192,2.911528150134048,3320,2030,5350,41.72679680071679,0.3794392523364486,4.575306666745263,12821497.0,63575.0,37.9,0.8103890111009799,0.14053218590621672,0.009414657274419673,11.059975590290321,16.36663377331046
IL,Illinois,2019,9.08,622802,2.774798927613941,3450,2030,5480,42.91095717979793,0.3704379562043796,4.725876341387438,12770631.0,65886.0,38.1,0.8082552485262838,0.14341014159754517,0.009345035495896796,11.095681254825768,16.36265863947394
IL,Illinois,2020,9.15,628868,2.2761394101876675,3450,2030,5480,43.09475719249925,0.3704379562043796,4.7098095292348905,12716164.0,68428.0,38.3,0.7932942372677828,0.1474509922961044,0.009462680726671974,11.133537376572182,16.358384498067128
IL,Illinois,2021,9.65,633019,3.215817694369973,3460,2030,5490,42.817657690063015,0.3697632058287796,4.437062973063525,12821813.0,72563.0,38.5,0.7763730342007064,0.14902393288687021,0.009454825148362404,11.19221042902805,16.366658419114767
IL,Illinois,2022,11.32,636011,4.234584450402145,3470,2040,5510,43.18982657756133,0.3702359346642468,3.815355704731566,12757634.0,78433.0,38.7,0.7632790339297956,0.15083823536558583,0.009958507980398247,11.27000003614456,16.36164039549042
IN,Indiana,2018,10.6,354730,2.812332439678284,900,504,1404,21.15277820046506,0.358974358974359,1.995545113251421,6637426.0,54325.0,37.6,0.9176079601631375,0.10954668270501246,0.007307652092844425,10.90273980512463,15.708234795694288
IN,Indiana,2019,11.03,358791,2.680965147453083,1080,696,1776,26.64385136871535,0.3918918918918919,2.4155803598110017,6665703.0,56303.0,37.7,0.915171152388474,0.11237794423183871,0.007214092797113823,10.938503098676163,15.712485982401796
IN,Indiana,2020,11.21,363465,2.199731903485255,1364,872,2236,33.38861767688389,0.38998211091234347,2.978467232549856,6696893.0,58235.0,37.8,0.9024398351598776,0.11511323236014075,0.007190199992742903,10.972241827536752,15.717154245461279
IN,Indiana,2021,11.58,364549,3.1072386058981234,1588,1020,2608,38.62936839205254,0.3911042944785276,3.3358694639078186,6751340.0,61944.0,37.9,0.8891112430881883,0.11819535084886852,0.00720005213779783,11.03398603006656,15.725251561665038
IN,Indiana,2022,12.86,370420,4.092493297587131,1588,1020,2608,38.441112652063865,0.3911042944785276,2.989200050704811,6784403.0,67173.0,38.0,0.877595746087046,0.1202542065971022,0.007528591683011755,11.115026660059447,15.730136859170631
KS,Kansas,2018,10.66,234091,2.841823056300268,988,168,1156,39.74180205007192,0.1453287197231834,3.728124019706559,2908776.0,57422.0,36.5,0.913445050991151,0.13561099238992622,0.004804770116365096,10.958182784137781,14.883242932106176
KS,Kansas,2019,10.29,235236,2.707774798927614,1152,240,1392,47.8243362655515,0.1724137931034483,4.647651726487027,2910652.0,59597.0,36.7,0.9128691033677525,0.13774851820142017,0.004719217549882295,10.995360516216094,14.883887669033925
KS,Kansas,2020,10.4,236430,2.222520107238606,1204,272,1476,50.67604104759325,0.1842818428184282,4.872696254576274,2912619.0,61091.0,36.9,0.8965725833116961,0.14088488745009217,0.004571487036237833,11.020119834801047,14.88456323439051
KS,Kansas,2021,10.52,245045,3.1394101876675604,1468,272,1740,59.343153147284596,0.15632183908045977,5.640984139475722,2932099.0,64521.0,37.0,0.8797803213313926,0.14160538235577994,0.004401624911027902,11.074746031189092,14.891229106766527
KS,Kansas,2022,11.51,245577,4.134048257372654,1468,272,1740,59.26587967936478,0.15632183908045977,5.1490772962089295,2935922.0,69747.0,37.1,0.8642171407777501,0.1421233261646597,0.004544739267596346,11.152629688005934,14.892532101606147
KY,Kentucky,2018,9.74,305417,2.908847184986595,408,195,603,13.580457114132594,0.32338308457711445,1.3942974449828125,4440204.0,48392.0,38.7,0.9169166653279279,0.09367520050880546,0.008715590544938926,10.78708978978675,15.30621087929887
KY,Kentucky,2019,10.15,309830,2.772117962466488,507,243,750,16.85752380507128,0.324,1.660839783750865,4449052.0,50589.0,38.9,0.9156908737194641,0.09639042204946133,0.008607901188837532,10.831489440338295,15.308201597739654
KY,Kentucky,2020,10.34,312014,2.274798927613941,630,267,897,20.103309045009897,0.2976588628762542,1.944227180368462,4461952.0,52238.0,39.0,0.9032907636055323,0.10037848905591096,0.008452578602369545,10.863565478378225,15.311096896408909
KY,Kentucky,2021,10.75,316806,3.21313672922252,873,387,1260,28.036503527592924,0.30714285714285716,2.608046839776086,4494141.0,55454.0,39.0,0.8914056172892277,0.10276513353719877,0.008176423481150235,10.923309127237175,15.31828510640211
KY,Kentucky,2022,11.78,318516,4.2319034852546915,1146,393,1539,34.17770853898624,0.2553606237816764,2.9013334922738743,4502935.0,60183.0,39.1,0.8808459224805113,0.10618274525392883,0.008186660478110388,11.005145199390197,15.320239964358295
LA,Louisiana,2018,8.85,292752,2.749329758713137,302,112,414,8.877231744637639,0.27053140096618356,1.0030770332923886,4663616.0,47942.0,36.6,0.9201932258384269,0.10360415608832288,0.008626567882089778,10.777747225933355,15.35530167086136
LA,Louisiana,2019,8.91,295153,2.556300268096515,330,120,450,9.647621689740205,0.26666666666666666,1.0827858237643329,4664362.0,49469.0,36.9,0.917699218352206,0.1051620779004717,0.008482188989619588,10.809101489746167,15.355461619780963
LA,Louisiana,2020,8.85,296222,2.0898123324396782,372,136,508,10.890499882519805,0.2677165354330709,1.2305649584768141,4664616.0,50800.0,37.2,0.9093889667733084,0.10718953071378223,0.008954220454588331,10.835651633566574,15.355516073762967
LA,Louisiana,2021,10.23,297724,3.002680965147453,392,186,578,12.410610857566768,0.3217993079584775,1.2131584415998795,4657305.0,53571.0,37.4,0.8999311022930081,0.1098160846240476,0.008782546988011307,10.888763155865234,15.353947512626481
LA,Louisiana,2022,11.93,299424,3.9075067024128685,538,298,836,18.01512149647908,0.35645933014354064,1.5100688597216327,4640546.0,57852.0,37.6,0.889959198484014,0.11194393935541205,0.009080827988775459,10.965643304193623,15.350342589693376
MA,Massachusetts,2018,17.17,408972,3.091152815013405,8671,3059,11730,171.73746042022532,0.2607843137254902,10.002181736763267,6830193.0,77378.0,39.4,0.7773901834254561,0.1652774672692265,0.008328607991018701,11.256457781448521,15.736863488834409
MA,Massachusetts,2019,16.8,410995,2.9195710455764075,10281,3335,13616,198.7576769349861,0.24493243243243243,11.830814103272981,6850553.0,81215.0,39.5,0.7737913595824246,0.16814263023729617,0.008246779493567892,11.304855238153497,15.73983993690693
MA,Massachusetts,2020,16.03,411448,2.4463806970509383,10649,3335,13984,203.4627367396755,0.23848684210526316,12.69262237926859,6873003.0,84385.0,39.6,0.7527809299278451,0.1718976406674055,0.008408115055384087,11.343144939670585,15.743111686594263
MA,Massachusetts,2021,16.99,432903,3.3016085790884717,10718,3335,14053,200.99109649346124,0.23731587561374795,11.829964478720498,6991852.0,89026.0,39.6,0.7302423600859562,0.17390800034096832,0.008495460144179253,11.396683740882667,15.76025602904543
MA,Massachusetts,2022,18.67,435521,4.49195710455764,10718,3335,14053,201.21116147077583,0.23731587561374795,10.77724485649576,6984205.0,96505.0,39.8,0.712159343135128,0.17673020766143033,0.00875790444295378,11.477350099456308,15.759161728877205
MD,Maryland,2018,10.43,254163,3.0857908847184987,4430,510,4940,82.28622446982436,0.10323886639676114,7.889379143799076,6003435.0,81868.0,38.6,0.82939588685118,0.14618980633587272,0.007569666366005462,11.31286347309934,15.607842363376724
MD,Maryland,2019,9.97,256165,2.9101876675603218,4450,510,4960,82.40779630919405,0.1028225806451613,8.265576359999404,6018848.0,84805.0,38.7,0.8280955958888528,0.14811987277299576,0.0075570939821042165,11.34810978230594,15.61040643684669
MD,Maryland,2020,9.72,256738,2.5147453083109923,4460,510,4970,82.31714992520237,0.10261569416498995,8.468842584897363,6037624.0,87063.0,38.8,0.8070527108947751,0.15031128139148778,0.007452434931357103,11.374387273506388,15.613521115034334
MD,Maryland,2021,10.26,257947,3.3605898123324396,4460,510,4970,80.83213182956293,0.10261569416498995,7.878375421984691,6148545.0,91431.0,38.9,0.7799081210618056,0.15191171244579002,0.00739687194287429,11.423339868427764,15.631726026426115
MD,Maryland,2022,12.65,260799,4.406166219839141,4460,510,4970,80.65946660560134,0.10261569416498995,6.376242419415125,6161707.0,98461.0,39.1,0.7603555018395198,0.15465130036205876,0.007711661719715008,11.49741580966931,15.63386440751132
ME,Maine,2018,12.51,96066,3.120643431635389,956,144,1100,82.5322081942478,0.13090909090909092,6.597298816486635,1332813.0,55425.0,44.6,0.8813207752696767,0.14268468269742268,0.00747216601278649,10.922786034484512,14.102802304248707
ME,Maine,2019,12.83,99738,2.923592493297587,1084,340,1424,106.62737028750452,0.23876404494382023,8.31078490159817,1335492.0,57918.0,44.7,0.8813411504707633,0.14583464371183055,0.007221308701212736,10.96678349607667,14.104810321248394
ME,Maine,2020,12.56,97575,2.462466487935657,1236,416,1652,123.20772658624354,0.25181598062953997,9.809532371516205,1340825.0,59489.0,44.8,0.8640685113659861,0.14897246098484143,0.0074633154960565325,10.993546700492846,14.108795654120854
ME,Maine,2021,12.9,98304,3.347184986595174,1384,456,1840,135.5886241144368,0.24782608695652175,10.510746055382699,1357046.0,63182.0,44.7,0.8403102516302435,0.154197425879447,0.007769080782817974,11.05377472944226,14.120820836547557
ME,Maine,2022,15.4,106211,4.50804289544236,1384,456,1840,134.6063386417489,0.24782608695652175,8.740671340373304,1366949.0,68251.0,44.8,0.8218765387886655,0.1570892549758623,0.008026634497702547,11.130947364954519,14.128091807036462
MI,Michigan,2018,11.15,543261,2.843163538873995,4213,1441,5654,56.78138904109149,0.25486381322957197,5.092501259290716,9957488.0,54938.0,39.7,0.9124267424107557,0.11847134538349431,0.009050475380939449,10.913960555637539,16.113835388915444
MI,Michigan,2019,11.39,544690,2.7091152815013406,4565,1518,6083,61.04202948943154,0.24954792043399637,5.359265100037888,9965265.0,57144.0,39.7,0.9114666638605943,0.12120390175273814,0.008988722327002844,10.953329676834809,16.114616104351207
MI,Michigan,2020,11.71,546115,2.2238605898123325,4565,1518,6083,60.98913896028908,0.24954792043399637,5.2082953851655915,9973907.0,59234.0,39.8,0.8928816453577135,0.12543900800358376,0.009135036049564128,10.989250980335326,16.1154829408017
MI,Michigan,2021,12.31,550701,3.1407506702412866,4565,1518,6083,60.452101821095965,0.24954792043399637,4.910812495621118,10062512.0,63202.0,39.8,0.8710660442059153,0.1279855368122791,0.008970324706196624,11.054091225203859,16.124327393254827
MI,Michigan,2022,12.55,554487,4.135388739946381,4565,1518,6083,60.479695555373716,0.24954792043399637,4.819099247440136,10057921.0,68505.0,39.9,0.8525184222722529,0.1304054784283949,0.009049683329189004,11.134662014287208,16.123871041238978
MN,Minnesota,2018,10.38,295855,2.9383378016085793,2370,318,2688,48.63082868886003,0.11830357142857142,4.685050933416187,5527358.0,68411.0,37.9,0.8639974359383931,0.15764547908783907,0.005677576882119812,11.13328890939415,15.5252205016506
MN,Minnesota,2019,10.34,299995,2.778820375335121,2832,570,3402,61.1498984969204,0.1675485008818342,5.913916682487466,5563378.0,71306.0,38.0,0.8624717796466763,0.16049475696240664,0.005467541482890431,11.1747357543345,15.531716035697414
MN,Minnesota,2020,10.43,303702,2.2761394101876675,2832,570,3402,60.748199249807946,0.1675485008818342,5.82437193190872,5600166.0,73382.0,38.1,0.8410185504766274,0.16411281379873383,0.005392697287901823,11.20343395292079,15.53830679812318
MN,Minnesota,2021,11.22,306605,3.1863270777479893,2832,570,3402,59.99500570675598,0.1675485008818342,5.347148458712654,5670472.0,77706.0,38.2,0.8159646225544545,0.16660888194139747,0.005385795044927477,11.260687753451641,15.550782917389162
MN,Minnesota,2022,12.3,308250,4.2399463806970505,2832,570,3402,59.733548341331755,0.1675485008818342,4.856386044010711,5695292.0,84313.0,38.5,0.7973427893113191,0.16954231670650075,0.005531586440168476,11.342291343251283,15.555150426595533
MO,Missouri,2018,9.4,384493,2.7761394101876675,2520,518,3038,49.884549615422635,0.17050691244239632,5.30686698036411,6090062.0,53560.0,38.5,0.9063152759972027,0.11979237649797325,0.0070651169068557925,10.888557799805108,15.622168820258231
MO,Missouri,2019,9.07,384787,2.646112600536193,2520,518,3038,49.76322337266234,0.17050691244239632,5.486573690480963,6104910.0,55461.0,38.6,0.9061440763885688,0.12217100661598615,0.007072503935356951,10.923435350020556,15.624603923403535
MO,Missouri,2020,8.93,387872,2.1715817694369974,2548,518,3066,50.06400877834675,0.1689497716894977,5.60627197965809,6124160.0,57290.0,38.7,0.8920000151850174,0.12577382040965618,0.006878494356777093,10.955881367402624,15.62775216213298
MO,Missouri,2021,9.17,395150,3.067024128686327,2548,518,3066,49.922380955637465,0.1689497716894977,5.444098250342145,6141534.0,61043.0,38.8,0.8744705709777565,0.12862535646631607,0.006765410726375528,11.019333812850217,15.630585106052775
MO,Missouri,2022,9.55,398806,4.038873994638069,2548,518,3066,49.81783829578147,0.1689497716894977,5.216527570238897,6154422.0,65920.0,38.8,0.8603766942801383,0.13073477899305572,0.006921852287672181,11.096197164583353,15.632681405798753
MS,Mississippi,2018,10.43,236871,2.7439678284182305,264,64,328,10.974443599055395,0.1951219512195122,1.052199769803969,2988762.0,43567.0,37.2,0.9448398737514364,0.08909173764923403,0.008423220048970108,10.682055262024345,14.910369812803072
MS,Mississippi,2019,10.52,237625,2.550938337801609,316,64,380,12.7328008341995,0.16842105263157894,1.2103422846197243,2984418.0,45081.0,37.5,0.9438601251602916,0.090381441205622,0.00823845721343324,10.716216150693835,14.908915310924396
MS,Mississippi,2020,10.38,237370,2.0857908847184987,346,110,456,15.292596672854131,0.2412280701754386,1.473275209330841,2981835.0,46511.0,37.7,0.9381754934392242,0.09207954162453656,0.00818656967940882,10.74744412273953,14.908049440783998
MS,Mississippi,2021,10.81,241509,2.9973190348525467,370,134,504,16.98672372947564,0.26587301587301587,1.5713897992114374,2967023.0,49111.0,37.8,0.9314867783645373,0.09449033593605442,0.00781254476288185,10.801838321277618,14.903069651180898
MS,Mississippi,2022,11.76,245252,3.900804289544236,434,164,598,20.2105820985614,0.27424749163879597,1.7185869131429763,2958846.0,52985.0,38.1,0.9248717986155386,0.09670391767601288,0.008103835076242563,10.877764133608936,14.900309885418313
MT,Montana,2018,10.11,108695,3.2292225201072386,62,48,110,10.559337718338305,0.43636363636363634,1.0444448781739175,1041732.0,52559.0,39.8,0.8527155200870663,0.14267009173184658,0.005202873675763056,10.869691627102307,13.856395270517712
MT,Montana,2019,10.41,109459,3.0831099195710454,69,52,121,11.51669111187466,0.4297520661157025,1.1063103853866147,1050649.0,54970.0,39.9,0.85405768499144,0.14774677366085154,0.005024513419800523,10.914542860854706,13.864918626429615
MT,Montana,2020,10.51,110977,2.646112600536193,79,98,177,16.67129758266185,0.5536723163841808,1.5862319298441343,1061705.0,56539.0,40.1,0.8443016622348214,0.1536990030187293,0.005165276606967095,10.94268594449761,13.875386664418851
MT,Montana,2021,10.54,112777,3.703753351206434,93,98,191,17.718357888565446,0.5130890052356021,1.681058623203553,1077978.0,60560.0,40.0,0.8344762058943701,0.154757332709944,0.005104927929883541,11.01138988811133,13.890597622079564
MT,Montana,2022,10.68,114645,4.616621983914209,127,109,236,21.614888628370455,0.461864406779661,2.0238659764391813,1091840.0,66341.0,40.1,0.8229573276606403,0.15620328985932005,0.005133536049237984,11.102563386249358,13.903374904405341
NC,North Carolina,2018,8.58,691673,2.9168900804289546,3760,80,3840,37.811561357529584,0.020833333333333332,4.406941883161956,10155624.0,52413.0,38.6,0.9046105068323872,0.13252223595517124,0.006173328197262916,10.866909931142555,16.133538198671577
NC,North Carolina,2019,8.81,705587,2.7184986595174263,3770,80,3850,37.50654172539444,0.02077922077922078,4.25726920833081,10264876.0,54602.0,38.7,0.9008254285798342,0.13592117430351813,0.006067779094457644,10.907825791098762,16.14423852847911
NC,North Carolina,2020,8.69,710220,2.28686327077748,3770,80,3850,37.06832134518146,0.02077922077922078,4.265629613944932,10386227.0,56642.0,38.9,0.8828573871816199,0.13950898627576694,0.006024035484685632,10.944506038478655,16.155991159492636
NC,North Carolina,2021,8.5,731526,3.1863270777479893,3770,100,3870,37.32991017092469,0.025839793281653745,4.391754137755846,10367022.0,60516.0,39.0,0.8589161381586313,0.14293863753737573,0.0059390247266765716,11.010663071864725,16.154140364421256
NC,North Carolina,2022,8.75,739530,4.091152815013404,3770,100,3870,36.961995237155605,0.025839793281653745,4.224228027103497,10470214.0,66186.0,39.1,0.8386206728331007,0.14646806645976865,0.006093189690296683,11.100224239197436,16.164045021988365
ND,North Dakota,2018,9.1,75148,3.037533512064343,20,0,20,2.658863787737586,0.0,0.29218283381731713,752201.0,63473.0,35.1,0.9017940176017767,0.14032419526163883,0.0038261049905543862,11.058369897608577,13.53075885445115
ND,North Dakota,2019,9.01,76355,2.89544235924933,30,0,30,3.9644939918093556,0.0,0.44001043194332473,756717.0,64894.0,35.1,0.9052483839524547,0.14263985082930608,0.0036314764964973695,11.080510448495465,13.536744618400919
ND,North Dakota,2020,9.02,76834,2.3753351206434314,55,36,91,11.967480016938588,0.3956043956043956,1.3267716205031694,760394.0,65315.0,35.2,0.8969039784624588,0.14461187226621988,0.003725700097580991,11.086976997920663,13.541591998981378
ND,North Dakota,2021,9.17,77174,3.355227882037534,66,48,114,14.741175983779534,0.42105263157894735,1.6075437277840277,773344.0,68131.0,35.2,0.8912850050932272,0.14485532958166095,0.0038365850126205157,11.129187601481807,13.558479247982707
ND,North Dakota,2022,8.45,76800,4.418230563002681,75,52,127,16.347567301776092,0.4094488188976378,1.9346233493226146,776874.0,73959.0,35.4,0.8865787259317923,0.14562335719820718,0.004196304677463784,11.211266164587588,13.563033454037917
NE,Nebraska,2018,8.83,153749,2.9396782841823055,138,82,220,11.550011550011549,0.37272727272727274,1.3080420781440032,1904760.0,59116.0,36.4,0.9095415092454588,0.1356029106029106,0.004694029694029694,10.987256894334463,14.459866574354287
NE,Nebraska,2019,8.85,153814,2.8016085790884717,198,82,280,14.624686156846625,0.29285714285714287,1.6525069103781498,1914571.0,61439.0,36.5,0.9090478326328654,0.13716597608550427,0.004620878515343646,11.025800091647431,14.465004134612728
NE,Nebraska,2020,8.89,155282,2.2989276139410184,248,84,332,17.257277945094827,0.25301204819277107,1.9412011186833324,1923826.0,63015.0,36.6,0.8965080766675848,0.13998771198642704,0.004616841647841333,11.051128072271592,14.469826469527717
NE,Nebraska,2021,8.81,157335,3.2466487935656834,426,156,582,29.823518560272205,0.26804123711340205,3.3851893939014985,1951480.0,66644.0,36.7,0.8813578640996081,0.1407465103408695,0.004567302765080862,11.10712029904896,14.484098617023516
NE,Nebraska,2022,8.82,158569,4.2761394101876675,572,212,784,40.02166478894953,0.27040816326530615,4.537603717567974,1958939.0,71722.0,36.9,0.8695548740490346,0.14298607562563204,0.004500395367083916,11.180552813554462,14.487913558105983
NH,New Hampshire,2018,15.81,107805,3.029490616621984,322,120,442,32.89615680600645,0.27149321266968324,2.0807183305506927,1343622.0,74057.0,42.7,0.8874684068867683,0.15873288767227686,0.005087740450811315,11.212590345950682,14.110879510507033
NH,New Hampshire,2019,15.93,108247,2.839142091152815,354,140,494,36.64351350469244,0.2834008097165992,2.3002833336279,1348124.0,76768.0,42.9,0.8851548024875873,0.16171583622871485,0.004920170548109818,11.248543165639422,14.114224554354305
NH,New Hampshire,2020,15.41,109068,2.3900804289544233,378,166,544,40.14037324644123,0.30514705882352944,2.604826297627594,1355244.0,77923.0,43.0,0.8719150208786356,0.165146645179761,0.00531933732966167,11.263476438601966,14.119492069885336
NH,New Hampshire,2021,16.13,110003,3.2493297587131367,430,230,660,48.09882121449523,0.3484848484848485,2.9819479984187995,1372175.0,83449.0,43.0,0.8491567821880591,0.16784593801810993,0.005130540929546158,11.331990945794695,14.131907630154435
NH,New Hampshire,2022,18.69,110915,4.376675603217158,576,276,852,61.7565833822602,0.323943661971831,3.3042580728871163,1379610.0,90845.0,43.1,0.8280389840357124,0.1711998318365335,0.005165952696776626,11.41691003653654,14.137311408496373
NJ,New Jersey,2018,12.21,521429,2.974530831099196,2480,1120,3600,40.53211917118571,0.3111111111111111,3.3195838797039894,8881845.0,79363.0,39.8,0.793895263852862,0.16414494961350937,0.008409851781921437,11.281787543663615,15.999519863657369
NJ,New Jersey,2019,12.23,523796,2.8056300268096512,4990,2330,7320,82.44633132409822,0.31830601092896177,6.741318996246789,8878503.0,82545.0,39.9,0.791604986437267,0.16778200108734548,0.008412679479862765,11.321098878161969,15.999143519675885
NJ,New Jersey,2020,12.35,526725,2.423592493297587,4990,2330,7320,82.38216817711896,0.31830601092896177,6.6706209050298755,8885418.0,85245.0,40.0,0.7738834648257346,0.17220911835548985,0.008477597789997049,11.353284742399332,15.999922064046723
NJ,New Jersey,2021,12.69,529178,3.2386058981233243,4990,2330,7320,79.27204867563697,0.31830601092896177,6.246812346385892,9234024.0,89703.0,40.0,0.7491190011114106,0.17451925617693867,0.008520120805404015,11.404259492303675,16.038405481136014
NJ,New Jersey,2022,13.75,532838,4.246648793565684,4990,2330,7320,79.14315212254473,0.31830601092896177,5.7558656089123446,9249063.0,97126.0,40.0,0.7303266652116535,0.17691608328324718,0.008730614117343563,11.483764383627241,16.040032807060392
NM,New Mexico,2018,10.02,143874,2.8552278820375334,225,159,384,18.351833319473876,0.4140625,1.8315202913646584,2092434.0,48059.0,37.5,0.9024198229863304,0.10185697613401426,0.007108945849665987,10.780184701749807,14.553838539629695
NM,New Mexico,2019,9.79,144960,2.6541554959785523,300,273,573,27.384114537284933,0.47643979057591623,2.7971516381292068,2092454.0,49754.0,37.8,0.9031999819592279,0.10306654292041785,0.00707016737285503,10.81484614136472,14.553848097830535
NM,New Mexico,2020,10.28,145459,2.170241286863271,438,339,777,37.052561705390644,0.4362934362934363,3.6043347962442263,2097021.0,51243.0,38.1,0.890761972786122,0.10675858753918058,0.007489195387170658,10.844334302306171,14.556028324140065
NM,New Mexico,2021,10.8,146312,3.1179624664879357,765,372,1137,53.902452206018296,0.32717678100263853,4.990967796853545,2109366.0,54020.0,38.3,0.8747885322191804,0.10692217471979733,0.007572417494166494,10.897109627346607,14.561897986367264
NM,New Mexico,2022,11.07,147142,4.057640750670242,921,486,1407,66.60471686367997,0.34541577825159914,6.016686256881659,2112463.0,58722.0,38.6,0.8604704293174904,0.10921138027032899,0.007933866770684268,10.980569722653874,14.56336512326718
NV,Nevada,2018,7.74,164982,3.450402144772118,1152,496,1648,56.38334378546411,0.30097087378640774,7.284669739724046,2922849.0,57598.0,37.9,0.8850001849180813,0.10863031241093878,0.004645809619313211,10.96124312385893,14.888069383504806
NV,Nevada,2019,8.04,167628,3.5013404825737267,1420,816,2236,75.22586262465592,0.36493738819320215,9.356450575205962,2972382.0,60365.0,38.0,0.8850680271373861,0.11109675674257212,0.004528018269522558,11.008164745766488,14.90487420953456
NV,Nevada,2020,7.45,169743,2.9785522788203753,2096,1024,3120,102.96074852464177,0.3282051282051282,13.820234701294197,3030281.0,62043.0,38.2,0.8739391969017384,0.11500748610442398,0.004909775694069296,11.035582972020785,14.92416591245946
NV,Nevada,2021,7.77,171686,3.8873994638069704,2312,1056,3368,110.09277473671547,0.31353919239904987,14.16895427756956,3059238.0,65686.0,38.3,0.857989907096666,0.11757927954608305,0.004840094167240339,11.092641091963714,14.933676423310189
NV,Nevada,2022,10.14,173757,5.178284182305631,2312,1056,3368,108.47660264679045,0.31353919239904987,10.697889807375784,3104817.0,71646.0,38.5,0.8435914331635446,0.1197368476145293,0.005285657737637999,11.179492604761439,14.948465334414784
NY,New York,2018,14.5,1106650,2.979892761394102,11452,6972,18424,93.91158416007623,0.378419452887538,6.476660976556982,19618453.0,65323.0,38.7,0.5964597038188535,0.1401016175944148,0.019237704420424995,11.08709947377011,16.791981160878645
NY,New York,2019,14.06,1121107,2.8109919571045574,11452,6972,18424,94.13294357199064,0.378419452887538,6.6950884475100025,19572319.0,68486.0,38.8,0.5948606041838368,0.14305295146681393,0.01935830904861095,11.134384623799924,16.789626830052523
NY,New York,2020,14.56,1143347,2.3941018766756033,11480,6972,18452,94.55363964128034,0.37784522003034904,6.494068656681342,19514849.0,71117.0,39.0,0.5874313173030771,0.14629526469817933,0.02002715983095744,11.17208168707087,16.7866862209292
NY,New York,2021,16.07,1161852,3.199731903485255,11564,6972,18536,92.15130492581437,0.37613293051359514,5.734368694823545,20114745.0,75157.0,39.2,0.5761283110589616,0.14896067536526067,0.019873331727546135,11.22733453788246,16.816963686179033
NY,New York,2022,18.19,1166974,4.230563002680965,11564,6972,18536,92.70605503676809,0.37613293051359514,5.09653958420935,19994379.0,81386.0,39.3,0.5684634817222874,0.15173079393963673,0.020404584708532333,11.306958547026635,16.810961742016314
OH,Ohio,2018,10.11,630210,2.8820375335120643,3883,1166,5049,43.36928772408646,0.23093681917211328,4.289741614647523,11641879.0,54533.0,39.3,0.9093624121861613,0.11774817450000984,0.008064763428652711,10.906561301994556,16.27011941335661
OH,Ohio,2019,9.72,632794,2.804289544235925,3982,1166,5148,44.16837967853004,0.2264957264957265,4.544071983387863,11655397.0,56602.0,39.4,0.9076160149366634,0.12025407628757734,0.007864253787322731,10.94379959925603,16.271279892505937
OH,Ohio,2020,9.53,636519,2.2935656836461127,3982,1166,5148,44.093179818034265,0.2264957264957265,4.626776476184078,11675275.0,58116.0,39.5,0.891344214861298,0.12318142399215436,0.008056341285323045,10.970196292191229,16.272983915845685
OH,Ohio,2021,9.75,640013,3.233243967828418,3982,1166,5148,43.73860389740867,0.2264957264957265,4.4860106561444795,11769923.0,61938.0,39.4,0.8731870136142941,0.1260009092667811,0.008011012476462251,11.033889163693646,16.281057937158984
OH,Ohio,2022,10.39,631665,4.2238605898123325,3982,1166,5148,43.7209222532785,0.2264957264957265,4.207980967591771,11774683.0,66990.0,39.6,0.8567894326301134,0.12873068429952636,0.008053040578672054,11.112298633502313,16.28146227606063
OK,Oklahoma,2018,8.07,282875,2.7828418230563003,357,132,489,12.480421179759666,0.26993865030674846,1.5465205922874432,3918137.0,51424.0,36.4,0.9237335444283276,0.10944716838640405,0.005534007616374823,10.84786026853724,15.181126843695104
OK,Oklahoma,2019,7.98,285641,2.6528150134048256,510,318,828,21.053327468235665,0.38405797101449274,2.6382615874982034,3932870.0,52919.0,36.6,0.9229262224544801,0.11101333123139082,0.0053248645391279145,10.876517721602884,15.18487999721905
OK,Oklahoma,2020,7.82,290192,2.176943699731903,813,1695,2508,63.50424956866232,0.6758373205741627,8.120748026683161,3949342.0,53840.0,36.7,0.9133376702715342,0.11352929171492365,0.00504792950319319,10.89377196431861,15.189059540722456
OK,Oklahoma,2021,8.7,296856,3.0737265415549597,969,1803,2772,70.21034736392059,0.6504329004329005,8.070154869416161,3948136.0,56956.0,36.8,0.9012620492138377,0.11581566592437545,0.00513128220507095,10.950034318900885,15.188754126763879
OK,Oklahoma,2022,10.34,300361,4.048257372654155,969,1803,2772,69.81493752545336,0.6504329004329005,6.751928193951002,3970497.0,61364.0,36.9,0.8905909623695454,0.11729992492123782,0.005217230991485449,11.024578622964665,15.194401833744772
OR,Oregon,2018,8.91,237942,3.5388739946380694,3474,1377,4851,118.8404639653224,0.28385899814471244,13.337874743582761,4081943.0,59393.0,39.2,0.8154213928193256,0.14285941768417637,0.005593659686085769,10.99193165328861,15.22208365851117
OR,Oregon,2019,8.85,240488,3.591152815013405,3474,1377,4851,117.46323008627773,0.28385899814471244,13.2726813656811,4129803.0,62818.0,39.3,0.8153496603476124,0.1460987364288321,0.005699061190085822,11.047996935591241,15.233740264041677
OR,Oregon,2020,9.0,239645,3.054959785522788,3483,1386,4869,116.58516799134938,0.2846580406654344,12.953907554594375,4176346.0,65667.0,39.5,0.7989035833414294,0.1502174388807824,0.005750720845447192,11.092351795181264,15.244947259518506
OR,Oregon,2021,9.1,242237,3.9865951742627344,3501,1386,4887,116.15864985000631,0.283609576427256,12.764686796703991,4207177.0,70084.0,39.6,0.7763681478176584,0.15326500406329469,0.0059427021967461795,11.157449801606978,15.252302434423541
OR,Oregon,2022,9.35,244617,5.310991957104557,3501,1386,4887,115.5490150551831,0.283609576427256,12.35818342836183,4229374.0,76632.0,39.9,0.7580307434780335,0.1546765549700736,0.006019803403529695,11.246770023062728,15.257564549527045
PA,Pennsylvania,2018,8.94,716936,3.1528150134048256,3982,1320,5302,41.450433701157074,0.24896265560165975,4.636513836818465,12791181.0,59445.0,40.7,0.8463100129260331,0.12991020922931198,0.012777709892464191,10.992806794292646,16.364266507056033
PA,Pennsylvania,2019,8.71,716992,2.974530831099196,3993,1320,5313,41.535297184934095,0.2484472049689441,4.768690836387381,12791530.0,61744.0,40.8,0.8438457529809276,0.1330071539526546,0.012698715478132797,11.0307520837774,16.364293791107364
PA,Pennsylvania,2020,8.5,720919,2.56970509383378,4059,1320,5379,42.04023717290151,0.24539877300613497,4.945910255635472,12794885.0,63627.0,40.9,0.8263567007270342,0.13711033745125495,0.012696870663550318,11.060793187543457,16.36455603964974
PA,Pennsylvania,2021,8.91,725725,3.4343163538873998,4059,1320,5379,41.4705508205063,0.24539877300613497,4.6543828081376315,12970650.0,67587.0,40.8,0.8058344141313469,0.1398269940211169,0.012645395566143563,11.121170935845253,16.37819967068838
PA,Pennsylvania,2022,10.73,730432,4.502680965147453,4059,1320,5379,41.411300827579325,0.24539877300613497,3.8593942989356314,12989208.0,73170.0,40.8,0.7885445275819585,0.14199133619232213,0.012828803726909293,11.200540779878075,16.37962941681113
RI,Rhode Island,2018,16.58,60128,3.1126005361930296,296,20,316,29.906938315046883,0.06329113924050633,1.8037960383019835,1056611.0,63296.0,39.9,0.887427501395695,0.13779432544238135,0.005828067283039832,11.055577414982384,13.870577174409627
RI,Rhode Island,2019,16.38,60672,2.9168900804289546,364,20,384,36.321295913570445,0.052083333333333336,2.217417332940809,1057231.0,67167.0,39.9,0.88848434033381,0.14202194222454695,0.005860592434387565,11.114937334467607,13.871163784021679
RI,Rhode Island,2020,15.94,60057,2.455764075067024,468,36,504,47.64614794128936,0.07142857142857142,2.989093346379508,1057798.0,70305.0,40.0,0.8777384795000344,0.14745821035774317,0.00615902090947421,11.160598199024916,13.871699946895648
RI,Rhode Island,2021,15.51,60091,3.339142091152815,800,44,844,77.29298712668816,0.052132701421800945,4.98342921513141,1091949.0,74489.0,40.0,0.8552509246440513,0.1470059499115801,0.006304323736731295,11.218406742459457,13.903474730899651
RI,Rhode Island,2022,16.23,60133,4.49597855227882,820,46,866,79.14096413068312,0.053117782909930716,4.876214672254043,1094250.0,81370.0,40.1,0.8389255685137105,0.15123326479323737,0.006766278272789582,11.306761933690703,13.905579755053141
SC,South Carolina,2018,10.11,376842,2.745308310991957,1164,244,1408,28.410438011067562,0.17329545454545456,2.8101323453083644,4955925.0,51015.0,39.2,0.9178975843945004,0.11884057971014493,0.008007586878332501,10.839874986109406,15.41609438844475
SC,South Carolina,2019,10.58,385285,2.557640750670241,1328,280,1608,32.026730369586076,0.17412935323383086,3.0271011691480223,5020806.0,53199.0,39.4,0.9157089104013567,0.1223221928909422,0.007836988722527817,10.881794878160589,15.429101036548817
SC,South Carolina,2020,10.35,395288,2.1514745308310994,1504,424,1928,37.86690685703299,0.21991701244813278,3.658638343674685,5091517.0,54864.0,39.7,0.9047324967146892,0.12538384925357215,0.00778373125337694,10.912612674702702,15.443086379486447
SC,South Carolina,2021,10.67,402005,2.9973190348525467,1520,424,1944,38.27598203785345,0.21810699588477367,3.5872522997051033,5078903.0,58234.0,39.8,0.8902438019021139,0.12876560154820835,0.007644564190337953,10.972224655585418,15.440605851353322
SC,South Carolina,2022,10.86,403966,3.8498659517426272,1520,424,1944,37.800787516406594,0.21810699588477367,3.4807354987483055,5142750.0,63623.0,40.0,0.8764328221316895,0.13112439842496718,0.007696854795586019,11.060730319174084,15.453098513814721
SD,South Dakota,2018,9.62,72106,2.9597855227882035,51,44,95,10.991693750585743,0.4631578947368421,1.142587707961096,864289.0,56499.0,36.8,0.889923830250272,0.13007917490561607,0.004130562809430642,10.941978217862857,13.669662482597378
SD,South Dakota,2019,9.59,73549,2.82171581769437,70,52,122,14.012712516568309,0.4262295081967213,1.4611796159091042,870638.0,58275.0,37.0,0.890188616394819,0.13078914543128142,0.0040257833910304856,10.972928463903958,13.676981555206595
SD,South Dakota,2020,9.65,74236,2.3150134048257374,72,53,125,14.215271523058309,0.424,1.4730851319231408,879336.0,59896.0,37.2,0.8807583900524747,0.13237260842271897,0.003982550469900015,11.00036500391052,13.686922356187145
SD,South Dakota,2021,10.15,74987,3.2707774798927614,89,65,154,17.46457469791389,0.42207792207792205,1.720647753489053,881785.0,63920.0,37.1,0.8734187505363038,0.13532890670628328,0.00421417919334078,11.065387580440156,13.689703541101277
SD,South Dakota,2022,10.21,76157,4.306970509383379,102,75,177,19.880001168090466,0.423728813559322,1.947110790214541,890342.0,69457.0,37.5,0.8666341585062277,0.13850071096275363,0.004475808172589859,11.148463135039968,13.699360937558566
TN,Tennessee,2018,10.51,491567,2.8230563002680964,2891,784,3675,55.25410951499822,0.21333333333333335,5.257289202188223,6651089.0,50972.0,38.7,0.923308468959712,0.11461265967122075,0.006212516476625106,10.83903174133217,15.710291158623427
TN,Tennessee,2019,10.65,497497,2.691689008042895,3332,868,4200,62.59915258632871,0.20666666666666667,5.877854702941662,6709356.0,53320.0,38.7,0.9200958140690556,0.11766375193088577,0.006108186836411721,10.884066774292645,15.719013528186865
TN,Tennessee,2020,10.56,501589,2.207774798927614,3332,868,4200,62.017628363201226,0.20666666666666667,5.872881473787994,6772268.0,54833.0,38.8,0.9069097740242248,0.12210783743348609,0.005939812186995553,10.912047481473621,15.728346596171537
TN,Tennessee,2021,10.87,519798,3.119302949061662,3332,868,4200,61.22897932603513,0.20666666666666667,5.632840784363858,6859497.0,58516.0,38.8,0.8900055703810356,0.12526501578760074,0.005798238558891417,10.977055500097977,15.7411446733986
TN,Tennessee,2022,12.02,528291,4.107238605898123,3332,868,4200,60.66057634480165,0.20666666666666667,5.046636967121602,6923772.0,64035.0,38.9,0.8732958053657857,0.12845613633724506,0.005913106324125058,11.067185087860173,15.75047126579326
TX,Texas,2018,8.16,1591150,2.739946380697051,5780,5600,11380,40.81018619378491,0.492091388400703,5.001248308061876,27885195.0,59570.0,34.4,0.9071994312775543,0.1222812320301149,0.004560735544434959,10.994907370622734,17.143606460788334
TX,Texas,2019,8.06,1537111,2.556300268096515,5820,5620,11440,40.48001943040932,0.49125874125874125,5.022334916924233,28260856.0,61874.0,34.6,0.9049365289694012,0.125074555420402,0.004443035978811116,11.032855338124229,17.156988224924692
TX,Texas,2020,7.6,1539553,2.060321715817694,5820,5620,11440,39.95049212091784,0.49125874125874125,5.256643700120769,28635442.0,63826.0,34.8,0.8861160205716415,0.12820074507667806,0.0044882142905285,11.0639159098287,17.170155739346633
TX,Texas,2021,8.72,1552641,2.96112600536193,5820,5620,11440,39.63609491472714,0.49125874125874125,4.545423728753112,28862581.0,67321.0,35.0,0.8666008837176209,0.13136957502172103,0.004601424938400346,11.117227502621036,17.17805653905065
TX,Texas,2022,9.05,1574976,3.855227882037534,5820,5620,11440,39.12001576290425,0.49125874125874125,4.3226536754590335,29243342.0,73035.0,35.2,0.8480624123613849,0.13401351322978064,0.004744635548153149,11.19869405728491,17.191162481800255
UT,Utah,2018,8.23,130053,3.227882037533512,1602,384,1986,65.21417899420429,0.1933534743202417,7.923958565516924,3045350.0,68374.0,30.7,0.8712422668761388,0.12847029077117572,0.003911537261726895,11.132747914388814,14.929126395049483
UT,Utah,2019,8.26,132082,3.0817694369973188,2112,672,2784,89.8978574343978,0.2413793103448276,10.883517849200704,3096848.0,71621.0,30.8,0.8683155916075295,0.1326519738779559,0.003762212417270722,11.179143606035232,14.945895377996289
UT,Utah,2020,8.27,135113,2.6447721179624666,2544,690,3234,102.6263003218734,0.21335807050092764,12.409467995389772,3151239.0,74197.0,31.1,0.8480795547129812,0.13643395502530908,0.003975896464850809,11.214478997071259,14.963306266799872
UT,Utah,2021,8.13,139168,3.701072386058981,2544,696,3240,100.26706938543096,0.21481481481481482,12.332972864136648,3231370.0,79133.0,31.3,0.8258518731426466,0.13955473994002543,0.0039330067432698824,11.278885260180807,14.988416753880058
UT,Utah,2022,8.39,141960,4.613941018766757,2550,696,3246,98.84862365624797,0.2144177449168207,11.781719148539684,3283809.0,86833.0,31.4,0.8053179536742804,0.14268217183155293,0.00410133476094377,11.371742012728488,15.004514587083515
VA,Virginia,2018,8.32,431058,2.832439678284182,3430,1550,4980,59.188658977528995,0.3112449799196787,7.1140215117222345,8413774.0,71564.0,38.1,0.8641184577812574,0.14791091369936962,0.006023931710074456,11.178347433209714,15.945380682776621
VA,Virginia,2019,8.18,434175,2.6394101876675604,3490,1550,5040,59.61348461753278,0.30753968253968256,7.287712055933103,8454463.0,74222.0,38.2,0.8610815039777852,0.15052499490505783,0.005900433889177823,11.214815881166105,15.95020502558343
VA,Virginia,2020,7.63,437477,2.2198391420911525,3510,1560,5070,59.58146313740707,0.3076923076923077,7.808841826658856,8509358.0,76398.0,38.4,0.8382311519822839,0.1532523370153189,0.0061475848119211815,11.24371179680149,15.956677057045718
VA,Virginia,2021,7.79,442263,3.0938337801608577,3560,1560,5120,59.65642327816939,0.3046875,7.6580774426404865,8582479.0,80615.0,38.5,0.8121489784982893,0.15599583756627894,0.006139368357324265,11.29744001539784,15.965233357471492
VA,Virginia,2022,9.66,437391,3.973190348525469,3560,1560,5120,59.36568461678581,0.3046875,6.145516005878449,8624511.0,87249.0,38.7,0.7925623629274159,0.15840434315638302,0.006394681391211629,11.376521378680941,15.970118823622265
VT,Vermont,2018,15.24,57037,3.135388739946381,1026,99,1125,180.00662424377217,0.088,11.811458283712085,624977.0,60076.0,42.9,0.8457018132975151,0.15526011357217945,0.006893053664374849,11.003365706325472,13.345470128041402
VT,Vermont,2019,15.98,58320,2.9383378016085793,1221,99,1320,211.43240650122615,0.075,13.231064236622412,624313.0,61973.0,42.9,0.8456837446343606,0.1585999330464046,0.006749819401486113,11.034454085305622,13.344407124155154
VT,Vermont,2020,16.39,59554,2.474530831099196,1404,132,1536,246.01979690553225,0.0859375,15.010359786792693,624340.0,63477.0,42.8,0.8284903575109588,0.16647980267162124,0.006922510170740302,11.0584329145444,13.3444503707577
VT,Vermont,2021,16.59,60403,3.363270777479893,1596,156,1752,273.0515852421229,0.08904109589041095,16.458805620381128,641637.0,67674.0,42.7,0.8094328488955671,0.17143649758352464,0.006559783802991411,11.122457337867973,13.371778002200864
VT,Vermont,2022,17.29,61583,4.529490616621984,1596,156,1752,272.1274401381761,0.08904109589041095,15.73900752678867,643816.0,74014.0,42.9,0.7982299600137925,0.17336319693825564,0.006862209078370218,11.212009543481479,13.375168249976674
WA,Washington,2018,8.72,384366,3.557640750670241,8517,1003,9520,130.51222208573884,0.10535714285714286,14.96699794561225,7294336.0,70116.0,37.6,0.8187533551255702,0.15143544251320476,0.005196360573464123,11.157906292342437,15.802608714548908
WA,Washington,2019,8.75,389147,3.4691689008042896,8551,1003,9554,129.03649285457382,0.10498220640569395,14.747027754808437,7404107.0,73775.0,37.7,0.8157223457825329,0.1545824499835024,0.005080693728494199,11.20877519981114,15.817545404218858
WA,Washington,2020,8.92,389802,2.975871313672922,8551,1003,9554,127.17530131587968,0.10498220640569395,14.257320775322833,7512465.0,77006.0,37.8,0.794087985292432,0.15759793889222778,0.005179658074946106,11.251638619877976,15.832074198912917
WA,Washington,2021,9.14,394023,3.8351206434316354,8551,1003,9554,125.4239655607898,0.10498220640569395,13.722534525250524,7617364.0,82400.0,37.9,0.7693892150709174,0.1598420398447547,0.005119093691728529,11.319340715897564,15.845940936056106
WA,Washington,2022,9.49,398253,5.076407506702412,8551,1003,9554,124.26271849213683,0.10498220640569395,13.094069388001772,7688549.0,90325.0,38.0,0.7482045366877301,0.16185589764726738,0.00532142020555504,11.41116955601584,15.855242637072287
WI,Wisconsin,2018,10.67,354557,3.0053619302949066,1345,370,1715,29.679526871999382,0.21574344023323616,2.781586398500411,5778394.0,59209.0,39.3,0.8906686371810869,0.1319068931609717,0.006005647936087432,10.988828836344187,15.569636347368519
WI,Wisconsin,2019,10.72,356561,2.8646112600536195,1635,490,2125,36.69667101615759,0.23058823529411765,3.4231969231490287,5790716.0,61747.0,39.5,0.8903170951285385,0.1348406656448011,0.0059614389654060055,11.03080067031408,15.571766503389046
WI,Wisconsin,2020,10.75,360316,2.3498659517426277,2005,500,2505,43.1377782752638,0.1996007984031936,4.01281658374547,5806975.0,63293.0,39.6,0.8761152520427922,0.1388878030299769,0.006125047894988355,11.055530017499182,15.574570339195962
WI,Wisconsin,2021,10.95,361589,3.3203753351206435,2005,500,2505,42.662544721161524,0.1996007984031936,3.8961228055855277,5871661.0,67080.0,39.6,0.8581572297222664,0.14198197068938415,0.00583548675579193,11.113641215937145,15.585648116002325
WI,Wisconsin,2022,11.85,363517,4.371313672922252,2005,500,2505,42.586628512674324,0.1996007984031936,3.5938083133058503,5882128.0,72458.0,39.9,0.8435598364494701,0.14495298300207,0.006008029747057528,11.190762362632867,15.587429159164982
WV,West Virginia,2018,9.24,144478,3.057640750670241,272,104,376,20.55707485946287,0.2765957446808511,2.2247916514570205,1829054.0,44921.0,42.4,0.9173211576934069,0.08640094824975096,0.013128097912910171,10.712660670403343,14.419309451267404
WV,West Virginia,2019,9.16,145225,2.8498659517426277,276,116,392,21.570402326521965,0.29591836734693877,2.3548474155591665,1817305.0,46711.0,42.5,0.914575631027069,0.08760004512175996,0.013451787124340713,10.75173496195892,14.412865192399964
WV,West Virginia,2020,9.4,146769,2.396782841823056,322,116,438,24.233357271611673,0.2648401826484018,2.5780167310225184,1807426.0,48037.0,42.7,0.9066614640023549,0.09051435577445495,0.013019066894024984,10.779726826283932,14.407414291651383
WV,West Virginia,2021,9.5,148231,3.339142091152815,368,150,518,28.76101649649732,0.28957528957528955,3.0274754206839285,1801049.0,50884.0,42.6,0.8969894527032638,0.09215462766421124,0.012201222731863486,10.8373038112761,14.40387983089515
WV,West Virginia,2022,10.42,149706,4.289544235924933,480,208,688,38.37215074231707,0.3023255813953488,3.6825480558845554,1792967.0,55217.0,42.6,0.8861061064659708,0.09579540504649556,0.012200447637909678,10.91902615586634,14.399382347509922
WY,Wyoming,2018,9.58,58318,3.0241286863270775,74,56,130,22.3430657436116,0.4307692307692308,2.33226155987595,581836.0,62268.0,37.3,0.8763854792373988,0.11635065551117497,0.004346585635814903,11.03920292915574,13.273943900062594
WY,Wyoming,2019,9.64,58325,2.8860589812332442,84,65,149,25.644379578124138,0.436241610738255,2.660205350427815,581024.0,64049.0,37.7,0.8765703241676184,0.11749772814892329,0.004607382827559619,11.0674036944005,13.272547343070393
WY,Wyoming,2020,9.65,57958,2.4772117962466487,84,74,158,27.178213393698783,0.46835443037974683,2.81639517033148,581348.0,65304.0,38.0,0.8742311353728665,0.11937084156133676,0.004888638130689364,11.086808569131192,13.273104823822496
WY,Wyoming,2021,9.68,58019,3.4664879356568363,92,76,168,29.134244703376968,0.4523809523809524,3.009736023076133,576641.0,68002.0,38.2,0.8691565238990809,0.12106145764869304,0.005355151645477862,11.127292395490432,13.264975168144792
WY,Wyoming,2022,9.55,58407,4.32171581769437,110,95,205,35.47148525164856,0.4634146341463415,3.7142916493872833,577929.0,72495.0,38.5,0.8602836007098803,0.12339405013418603,0.00552490011748848,11.191272872947295,13.267206302739144
